nohup: ignoring input
Creating build directory...
Entering build directory...
Running CMake...
-- The C compiler identification is GNU 9.4.0
-- The CXX compiler identification is GNU 9.4.0
-- Check for working C compiler: /usr/bin/cc
-- Check for working C compiler: /usr/bin/cc -- works
-- Detecting C compiler ABI info
-- Detecting C compiler ABI info - done
-- Detecting C compile features
-- Detecting C compile features - done
-- Check for working CXX compiler: /usr/bin/c++
-- Check for working CXX compiler: /usr/bin/c++ -- works
-- Detecting CXX compiler ABI info
-- Detecting CXX compiler ABI info - done
-- Detecting CXX compile features
-- Detecting CXX compile features - done
-- Found OpenMP_C: -fopenmp (found version "4.5") 
-- Found OpenMP_CXX: -fopenmp (found version "4.5") 
-- Found OpenMP: TRUE (found version "4.5")  
-- Configuring done
-- Generating done
-- Build files have been written to: /home/bellary/algo_eng/Exam1/build
Building project...
Scanning dependencies of target multiwaycut
[ 10%] Building CXX object CMakeFiles/multiwaycut.dir/benchmark/benchmark.cpp.o
[ 20%] Building CXX object CMakeFiles/multiwaycut.dir/benchmark/test.cpp.o
[ 30%] Building CXX object CMakeFiles/multiwaycut.dir/algorithms/maximum_flow.cpp.o
[ 40%] Building CXX object CMakeFiles/multiwaycut.dir/data_structure/graph.cpp.o
[ 50%] Building CXX object CMakeFiles/multiwaycut.dir/utils/file_handler.cpp.o
[ 60%] Building CXX object CMakeFiles/multiwaycut.dir/algorithms/heuristic.cpp.o
[ 70%] Building CXX object CMakeFiles/multiwaycut.dir/algorithms/parallel_heuristic.cpp.o
[ 80%] Building CXX object CMakeFiles/multiwaycut.dir/algorithms/approximation.cpp.o
[ 90%] Building CXX object CMakeFiles/multiwaycut.dir/algorithms/exact.cpp.o
[100%] Linking CXX executable multiwaycut
[100%] Built target multiwaycut
Running executable...
Benchmarking Track2 instance instance001.gr
--------------------------------------------------
Running Heuristic...
Edge 272 has its two ends in two different terminal sets.
--------------------------------------------------
Running Parallel Heuristic...
Edge 272 has its two ends in two different terminal sets.
--------------------------------------------------
Running Approximation
Edge 272 has its two ends in two different terminal sets.
========================================================
Benchmarking Track2 instance instance002.gr
--------------------------------------------------
Running Heuristic...
Edge 24 has its two ends in two different terminal sets.
--------------------------------------------------
Running Parallel Heuristic...
Edge 24 has its two ends in two different terminal sets.
--------------------------------------------------
Running Approximation
Edge 24 has its two ends in two different terminal sets.
========================================================
Benchmarking Track2 instance instance003.gr
--------------------------------------------------
Running Heuristic...
Edge 298 has its two ends in two different terminal sets.
--------------------------------------------------
Running Parallel Heuristic...
Edge 298 has its two ends in two different terminal sets.
--------------------------------------------------
Running Approximation
Edge 298 has its two ends in two different terminal sets.
========================================================
Benchmarking Track2 instance instance004.gr
--------------------------------------------------
Running Heuristic...
Edge 314 has its two ends in two different terminal sets.
--------------------------------------------------
Running Parallel Heuristic...
Edge 314 has its two ends in two different terminal sets.
--------------------------------------------------
Running Approximation
Edge 314 has its two ends in two different terminal sets.
========================================================
Benchmarking Track2 instance instance005.gr
--------------------------------------------------
Running Heuristic...
Edge 60 has its two ends in two different terminal sets.
--------------------------------------------------
Running Parallel Heuristic...
Edge 60 has its two ends in two different terminal sets.
--------------------------------------------------
Running Approximation
Edge 60 has its two ends in two different terminal sets.
========================================================
Benchmarking Track2 instance instance006.gr
--------------------------------------------------
Running Heuristic...
Edge 0 has its two ends in two different terminal sets.
--------------------------------------------------
Running Parallel Heuristic...
Edge 0 has its two ends in two different terminal sets.
--------------------------------------------------
Running Approximation
Edge 0 has its two ends in two different terminal sets.
========================================================
Benchmarking Track2 instance instance007.gr
--------------------------------------------------
Running Heuristic...
Edge 6 has its two ends in two different terminal sets.
--------------------------------------------------
Running Parallel Heuristic...
Edge 6 has its two ends in two different terminal sets.
--------------------------------------------------
Running Approximation
Edge 6 has its two ends in two different terminal sets.
========================================================
Benchmarking Track2 instance instance008.gr
--------------------------------------------------
Running Heuristic...
Edge 8 has its two ends in two different terminal sets.
--------------------------------------------------
Running Parallel Heuristic...
Edge 8 has its two ends in two different terminal sets.
--------------------------------------------------
Running Approximation
Edge 8 has its two ends in two different terminal sets.
========================================================
Benchmarking Track2 instance instance009.gr
--------------------------------------------------
Running Heuristic...
Edge 4 has its two ends in two different terminal sets.
--------------------------------------------------
Running Parallel Heuristic...
Edge 4 has its two ends in two different terminal sets.
--------------------------------------------------
Running Approximation
Edge 4 has its two ends in two different terminal sets.
========================================================
Benchmarking Track2 instance instance010.gr
--------------------------------------------------
Running Heuristic...
Edge 70 has its two ends in two different terminal sets.
--------------------------------------------------
Running Parallel Heuristic...
Edge 70 has its two ends in two different terminal sets.
--------------------------------------------------
Running Approximation
Edge 70 has its two ends in two different terminal sets.
========================================================
Writing CSV to: "/home/bellary/algo_eng/Exam1/build/../output_data/track2_results.csv"
Benchmarking Track2 instance instance011.gr
--------------------------------------------------
Running Heuristic...
Edge 38 has its two ends in two different terminal sets.
--------------------------------------------------
Running Parallel Heuristic...
Edge 38 has its two ends in two different terminal sets.
--------------------------------------------------
Running Approximation
Edge 38 has its two ends in two different terminal sets.
========================================================
Benchmarking Track2 instance instance012.gr
--------------------------------------------------
Running Heuristic...
Edge 0 has its two ends in two different terminal sets.
--------------------------------------------------
Running Parallel Heuristic...
Edge 0 has its two ends in two different terminal sets.
--------------------------------------------------
Running Approximation
Edge 0 has its two ends in two different terminal sets.
========================================================
Benchmarking Track2 instance instance013.gr
--------------------------------------------------
Running Heuristic...
Edge 0 has its two ends in two different terminal sets.
--------------------------------------------------
Running Parallel Heuristic...
Edge 0 has its two ends in two different terminal sets.
--------------------------------------------------
Running Approximation
Edge 0 has its two ends in two different terminal sets.
========================================================
Benchmarking Track2 instance instance014.gr
--------------------------------------------------
Running Heuristic...
Edge 0 has its two ends in two different terminal sets.
--------------------------------------------------
Running Parallel Heuristic...
Edge 0 has its two ends in two different terminal sets.
--------------------------------------------------
Running Approximation
Edge 0 has its two ends in two different terminal sets.
========================================================
Benchmarking Track2 instance instance015.gr
--------------------------------------------------
Running Heuristic...
Edge 426 has its two ends in two different terminal sets.
--------------------------------------------------
Running Parallel Heuristic...
Edge 426 has its two ends in two different terminal sets.
--------------------------------------------------
Running Approximation
Edge 426 has its two ends in two different terminal sets.
========================================================
Benchmarking Track2 instance instance016.gr
--------------------------------------------------
Running Heuristic...
Edge 8 has its two ends in two different terminal sets.
--------------------------------------------------
Running Parallel Heuristic...
Edge 8 has its two ends in two different terminal sets.
--------------------------------------------------
Running Approximation
Edge 8 has its two ends in two different terminal sets.
========================================================
Benchmarking Track2 instance instance017.gr
--------------------------------------------------
Running Heuristic...
Edge 0 has its two ends in two different terminal sets.
--------------------------------------------------
Running Parallel Heuristic...
Edge 0 has its two ends in two different terminal sets.
--------------------------------------------------
Running Approximation
Edge 0 has its two ends in two different terminal sets.
========================================================
Benchmarking Track2 instance instance018.gr
--------------------------------------------------
Running Heuristic...
Edge 0 has its two ends in two different terminal sets.
--------------------------------------------------
Running Parallel Heuristic...
Edge 0 has its two ends in two different terminal sets.
--------------------------------------------------
Running Approximation
Edge 0 has its two ends in two different terminal sets.
========================================================
Benchmarking Track2 instance instance019.gr
--------------------------------------------------
Running Heuristic...
Edge 4 has its two ends in two different terminal sets.
--------------------------------------------------
Running Parallel Heuristic...
Edge 4 has its two ends in two different terminal sets.
--------------------------------------------------
Running Approximation
Edge 4 has its two ends in two different terminal sets.
========================================================
Benchmarking Track2 instance instance020.gr
--------------------------------------------------
Running Heuristic...
Edge 34 has its two ends in two different terminal sets.
--------------------------------------------------
Running Parallel Heuristic...
Edge 34 has its two ends in two different terminal sets.
--------------------------------------------------
Running Approximation
Edge 34 has its two ends in two different terminal sets.
========================================================
Writing CSV to: "/home/bellary/algo_eng/Exam1/build/../output_data/track2_results.csv"
Benchmarking Track2 instance instance021.gr
--------------------------------------------------
Running Heuristic...
Edge 786 has its two ends in two different terminal sets.
--------------------------------------------------
Running Parallel Heuristic...
Edge 786 has its two ends in two different terminal sets.
--------------------------------------------------
Running Approximation
Edge 786 has its two ends in two different terminal sets.
========================================================
Benchmarking Track2 instance instance022.gr
--------------------------------------------------
Running Heuristic...
Edge 0 has its two ends in two different terminal sets.
--------------------------------------------------
Running Parallel Heuristic...
Edge 0 has its two ends in two different terminal sets.
--------------------------------------------------
Running Approximation
Edge 0 has its two ends in two different terminal sets.
========================================================
Benchmarking Track2 instance instance023.gr
--------------------------------------------------
Running Heuristic...
Edge 2 has its two ends in two different terminal sets.
--------------------------------------------------
Running Parallel Heuristic...
Edge 2 has its two ends in two different terminal sets.
--------------------------------------------------
Running Approximation
Edge 2 has its two ends in two different terminal sets.
========================================================
Benchmarking Track2 instance instance024.gr
--------------------------------------------------
Running Heuristic...
Edge 6 has its two ends in two different terminal sets.
--------------------------------------------------
Running Parallel Heuristic...
Edge 6 has its two ends in two different terminal sets.
--------------------------------------------------
Running Approximation
Edge 6 has its two ends in two different terminal sets.
========================================================
Benchmarking Track2 instance instance025.gr
--------------------------------------------------
Running Heuristic...
Edge 18 has its two ends in two different terminal sets.
--------------------------------------------------
Running Parallel Heuristic...
Edge 18 has its two ends in two different terminal sets.
--------------------------------------------------
Running Approximation
Edge 18 has its two ends in two different terminal sets.
========================================================
Benchmarking Track2 instance instance026.gr
--------------------------------------------------
Running Heuristic...
Edge 2 has its two ends in two different terminal sets.
--------------------------------------------------
Running Parallel Heuristic...
Edge 2 has its two ends in two different terminal sets.
--------------------------------------------------
Running Approximation
Edge 2 has its two ends in two different terminal sets.
========================================================
Benchmarking Track2 instance instance027.gr
--------------------------------------------------
Running Heuristic...
Cut is valid: all terminal pairs are separated.
--------------------------------------------------
Running Parallel Heuristic...
Cut is valid: all terminal pairs are separated.
--------------------------------------------------
Running Approximation
Cut is valid: all terminal pairs are separated.
--------------------------------------------------
Running Exact...
Cut is valid: all terminal pairs are separated.
========================================================
Benchmarking Track2 instance instance028.gr
--------------------------------------------------
Running Heuristic...
Edge 6 has its two ends in two different terminal sets.
--------------------------------------------------
Running Parallel Heuristic...
Edge 6 has its two ends in two different terminal sets.
--------------------------------------------------
Running Approximation
Edge 6 has its two ends in two different terminal sets.
========================================================
Benchmarking Track2 instance instance029.gr
--------------------------------------------------
Running Heuristic...
Edge 30 has its two ends in two different terminal sets.
--------------------------------------------------
Running Parallel Heuristic...
Edge 30 has its two ends in two different terminal sets.
--------------------------------------------------
Running Approximation
Edge 30 has its two ends in two different terminal sets.
========================================================
Benchmarking Track2 instance instance030.gr
--------------------------------------------------
Running Heuristic...
Edge 2 has its two ends in two different terminal sets.
--------------------------------------------------
Running Parallel Heuristic...
Edge 2 has its two ends in two different terminal sets.
--------------------------------------------------
Running Approximation
Edge 2 has its two ends in two different terminal sets.
========================================================
Writing CSV to: "/home/bellary/algo_eng/Exam1/build/../output_data/track2_results.csv"
Benchmarking Track2 instance instance031.gr
--------------------------------------------------
Running Heuristic...
Edge 2 has its two ends in two different terminal sets.
--------------------------------------------------
Running Parallel Heuristic...
Edge 2 has its two ends in two different terminal sets.
--------------------------------------------------
Running Approximation
Edge 2 has its two ends in two different terminal sets.
========================================================
Benchmarking Track2 instance instance032.gr
--------------------------------------------------
Running Heuristic...
Edge 48 has its two ends in two different terminal sets.
--------------------------------------------------
Running Parallel Heuristic...
Edge 48 has its two ends in two different terminal sets.
--------------------------------------------------
Running Approximation
Edge 48 has its two ends in two different terminal sets.
========================================================
Benchmarking Track2 instance instance033.gr
--------------------------------------------------
Running Heuristic...
Edge 72 has its two ends in two different terminal sets.
--------------------------------------------------
Running Parallel Heuristic...
Edge 72 has its two ends in two different terminal sets.
--------------------------------------------------
Running Approximation
Edge 72 has its two ends in two different terminal sets.
========================================================
Benchmarking Track2 instance instance034.gr
--------------------------------------------------
Running Heuristic...
Edge 98 has its two ends in two different terminal sets.
--------------------------------------------------
Running Parallel Heuristic...
Edge 98 has its two ends in two different terminal sets.
--------------------------------------------------
Running Approximation
Edge 98 has its two ends in two different terminal sets.
========================================================
Benchmarking Track2 instance instance035.gr
--------------------------------------------------
Running Heuristic...
Edge 62 has its two ends in two different terminal sets.
--------------------------------------------------
Running Parallel Heuristic...
Edge 62 has its two ends in two different terminal sets.
--------------------------------------------------
Running Approximation
Edge 62 has its two ends in two different terminal sets.
========================================================
Benchmarking Track2 instance instance036.gr
--------------------------------------------------
Running Heuristic...
Edge 4 has its two ends in two different terminal sets.
--------------------------------------------------
Running Parallel Heuristic...
Edge 4 has its two ends in two different terminal sets.
--------------------------------------------------
Running Approximation
Edge 4 has its two ends in two different terminal sets.
========================================================
Benchmarking Track2 instance instance037.gr
--------------------------------------------------
Running Heuristic...
Edge 12 has its two ends in two different terminal sets.
--------------------------------------------------
Running Parallel Heuristic...
Edge 12 has its two ends in two different terminal sets.
--------------------------------------------------
Running Approximation
Edge 12 has its two ends in two different terminal sets.
========================================================
Benchmarking Track2 instance instance038.gr
--------------------------------------------------
Running Heuristic...
Edge 0 has its two ends in two different terminal sets.
--------------------------------------------------
Running Parallel Heuristic...
Edge 0 has its two ends in two different terminal sets.
--------------------------------------------------
Running Approximation
Edge 0 has its two ends in two different terminal sets.
========================================================
Benchmarking Track2 instance instance039.gr
--------------------------------------------------
Running Heuristic...
Edge 4 has its two ends in two different terminal sets.
--------------------------------------------------
Running Parallel Heuristic...
Edge 4 has its two ends in two different terminal sets.
--------------------------------------------------
Running Approximation
Edge 4 has its two ends in two different terminal sets.
========================================================
Benchmarking Track2 instance instance040.gr
--------------------------------------------------
Running Heuristic...
Edge 8 has its two ends in two different terminal sets.
--------------------------------------------------
Running Parallel Heuristic...
Edge 8 has its two ends in two different terminal sets.
--------------------------------------------------
Running Approximation
Edge 8 has its two ends in two different terminal sets.
========================================================
Writing CSV to: "/home/bellary/algo_eng/Exam1/build/../output_data/track2_results.csv"
Benchmarking Track2 instance instance041.gr
--------------------------------------------------
Running Heuristic...
Edge 24 has its two ends in two different terminal sets.
--------------------------------------------------
Running Parallel Heuristic...
Edge 24 has its two ends in two different terminal sets.
--------------------------------------------------
Running Approximation
Edge 24 has its two ends in two different terminal sets.
========================================================
Benchmarking Track2 instance instance042.gr
--------------------------------------------------
Running Heuristic...
Edge 2 has its two ends in two different terminal sets.
--------------------------------------------------
Running Parallel Heuristic...
Edge 2 has its two ends in two different terminal sets.
--------------------------------------------------
Running Approximation
Edge 2 has its two ends in two different terminal sets.
========================================================
Benchmarking Track2 instance instance043.gr
--------------------------------------------------
Running Heuristic...
Cut is valid: all terminal pairs are separated.
--------------------------------------------------
Running Parallel Heuristic...
Cut is valid: all terminal pairs are separated.
--------------------------------------------------
Running Approximation
Cut is valid: all terminal pairs are separated.
--------------------------------------------------
Running Exact...
Cut is valid: all terminal pairs are separated.
========================================================
Benchmarking Track2 instance instance044.gr
--------------------------------------------------
Running Heuristic...
Cut is valid: all terminal pairs are separated.
--------------------------------------------------
Running Parallel Heuristic...
Cut is valid: all terminal pairs are separated.
--------------------------------------------------
Running Approximation
Cut is valid: all terminal pairs are separated.
--------------------------------------------------
Running Exact...
Cut is valid: all terminal pairs are separated.
========================================================
Benchmarking Track2 instance instance045.gr
--------------------------------------------------
Running Heuristic...
Edge 70 has its two ends in two different terminal sets.
--------------------------------------------------
Running Parallel Heuristic...
Edge 70 has its two ends in two different terminal sets.
--------------------------------------------------
Running Approximation
Edge 70 has its two ends in two different terminal sets.
========================================================
Benchmarking Track2 instance instance046.gr
--------------------------------------------------
Running Heuristic...
Edge 20 has its two ends in two different terminal sets.
--------------------------------------------------
Running Parallel Heuristic...
Edge 20 has its two ends in two different terminal sets.
--------------------------------------------------
Running Approximation
Edge 20 has its two ends in two different terminal sets.
========================================================
Benchmarking Track2 instance instance047.gr
--------------------------------------------------
Running Heuristic...
Edge 14 has its two ends in two different terminal sets.
--------------------------------------------------
Running Parallel Heuristic...
Edge 14 has its two ends in two different terminal sets.
--------------------------------------------------
Running Approximation
Edge 14 has its two ends in two different terminal sets.
========================================================
Benchmarking Track2 instance instance048.gr
--------------------------------------------------
Running Heuristic...
Edge 80 has its two ends in two different terminal sets.
--------------------------------------------------
Running Parallel Heuristic...
Edge 80 has its two ends in two different terminal sets.
--------------------------------------------------
Running Approximation
Edge 80 has its two ends in two different terminal sets.
========================================================
Benchmarking Track2 instance instance049.gr
--------------------------------------------------
Running Heuristic...
Edge 16 has its two ends in two different terminal sets.
--------------------------------------------------
Running Parallel Heuristic...
Edge 16 has its two ends in two different terminal sets.
--------------------------------------------------
Running Approximation
Edge 16 has its two ends in two different terminal sets.
========================================================
Benchmarking Track2 instance instance050.gr
--------------------------------------------------
Running Heuristic...
Edge 2 has its two ends in two different terminal sets.
--------------------------------------------------
Running Parallel Heuristic...
Edge 2 has its two ends in two different terminal sets.
--------------------------------------------------
Running Approximation
Edge 2 has its two ends in two different terminal sets.
========================================================
Writing CSV to: "/home/bellary/algo_eng/Exam1/build/../output_data/track2_results.csv"
Benchmarking Track2 instance instance051.gr
--------------------------------------------------
Running Heuristic...
Edge 0 has its two ends in two different terminal sets.
--------------------------------------------------
Running Parallel Heuristic...
Edge 0 has its two ends in two different terminal sets.
--------------------------------------------------
Running Approximation
Edge 0 has its two ends in two different terminal sets.
========================================================
Benchmarking Track2 instance instance052.gr
--------------------------------------------------
Running Heuristic...
Cut is valid: all terminal pairs are separated.
--------------------------------------------------
Running Parallel Heuristic...
Cut is valid: all terminal pairs are separated.
--------------------------------------------------
Running Approximation
Failed to compute LP solution within time limit.
--------------------------------------------------
Running Exact...
Cut is valid: all terminal pairs are separated.
========================================================
Benchmarking Track2 instance instance053.gr
--------------------------------------------------
Running Heuristic...
Edge 8 has its two ends in two different terminal sets.
--------------------------------------------------
Running Parallel Heuristic...
Edge 8 has its two ends in two different terminal sets.
--------------------------------------------------
Running Approximation
Edge 8 has its two ends in two different terminal sets.
========================================================
Benchmarking Track2 instance instance054.gr
--------------------------------------------------
Running Heuristic...
Cut is valid: all terminal pairs are separated.
--------------------------------------------------
Running Parallel Heuristic...
Cut is valid: all terminal pairs are separated.
--------------------------------------------------
Running Approximation
Cut is valid: all terminal pairs are separated.
--------------------------------------------------
Running Exact...
Cut is valid: all terminal pairs are separated.
========================================================
Benchmarking Track2 instance instance055.gr
--------------------------------------------------
Running Heuristic...
Cut is valid: all terminal pairs are separated.
--------------------------------------------------
Running Parallel Heuristic...
Cut is valid: all terminal pairs are separated.
--------------------------------------------------
Running Approximation
Cut is valid: all terminal pairs are separated.
--------------------------------------------------
Running Exact...
Cut is valid: all terminal pairs are separated.
========================================================
Benchmarking Track2 instance instance056.gr
--------------------------------------------------
Running Heuristic...
Cut is valid: all terminal pairs are separated.
--------------------------------------------------
Running Parallel Heuristic...
Cut is valid: all terminal pairs are separated.
--------------------------------------------------
Running Approximation
Cut is valid: all terminal pairs are separated.
--------------------------------------------------
Running Exact...
Cut is valid: all terminal pairs are separated.
========================================================
Benchmarking Track2 instance instance057.gr
--------------------------------------------------
Running Heuristic...
Cut is valid: all terminal pairs are separated.
--------------------------------------------------
Running Parallel Heuristic...
Cut is valid: all terminal pairs are separated.
--------------------------------------------------
Running Approximation
Cut is valid: all terminal pairs are separated.
--------------------------------------------------
Running Exact...
Cut is valid: all terminal pairs are separated.
========================================================
Benchmarking Track2 instance instance058.gr
--------------------------------------------------
Running Heuristic...
Edge 0 has its two ends in two different terminal sets.
--------------------------------------------------
Running Parallel Heuristic...
Edge 0 has its two ends in two different terminal sets.
--------------------------------------------------
Running Approximation
Edge 0 has its two ends in two different terminal sets.
========================================================
Benchmarking Track2 instance instance059.gr
--------------------------------------------------
Running Heuristic...
Edge 10 has its two ends in two different terminal sets.
--------------------------------------------------
Running Parallel Heuristic...
Edge 10 has its two ends in two different terminal sets.
--------------------------------------------------
Running Approximation
Edge 10 has its two ends in two different terminal sets.
========================================================
Benchmarking Track2 instance instance060.gr
--------------------------------------------------
Running Heuristic...
Edge 6 has its two ends in two different terminal sets.
--------------------------------------------------
Running Parallel Heuristic...
Edge 6 has its two ends in two different terminal sets.
--------------------------------------------------
Running Approximation
Edge 6 has its two ends in two different terminal sets.
========================================================
Writing CSV to: "/home/bellary/algo_eng/Exam1/build/../output_data/track2_results.csv"
Benchmarking Track2 instance instance061.gr
--------------------------------------------------
Running Heuristic...
Cut is valid: all terminal pairs are separated.
--------------------------------------------------
Running Parallel Heuristic...
Cut is valid: all terminal pairs are separated.
--------------------------------------------------
Running Approximation
Failed to compute LP solution within time limit.
--------------------------------------------------
Running Exact...
Cut is valid: all terminal pairs are separated.
========================================================
Benchmarking Track2 instance instance062.gr
--------------------------------------------------
Running Heuristic...
Edge 0 has its two ends in two different terminal sets.
--------------------------------------------------
Running Parallel Heuristic...
Edge 0 has its two ends in two different terminal sets.
--------------------------------------------------
Running Approximation
Edge 0 has its two ends in two different terminal sets.
========================================================
Benchmarking Track2 instance instance063.gr
--------------------------------------------------
Running Heuristic...
Edge 0 has its two ends in two different terminal sets.
--------------------------------------------------
Running Parallel Heuristic...
Edge 0 has its two ends in two different terminal sets.
--------------------------------------------------
Running Approximation
Edge 0 has its two ends in two different terminal sets.
========================================================
Benchmarking Track2 instance instance064.gr
--------------------------------------------------
Running Heuristic...
Edge 20 has its two ends in two different terminal sets.
--------------------------------------------------
Running Parallel Heuristic...
Edge 20 has its two ends in two different terminal sets.
--------------------------------------------------
Running Approximation
Edge 20 has its two ends in two different terminal sets.
========================================================
Benchmarking Track2 instance instance065.gr
--------------------------------------------------
Running Heuristic...
Edge 0 has its two ends in two different terminal sets.
--------------------------------------------------
Running Parallel Heuristic...
Edge 0 has its two ends in two different terminal sets.
--------------------------------------------------
Running Approximation
Edge 0 has its two ends in two different terminal sets.
========================================================
Benchmarking Track2 instance instance066.gr
--------------------------------------------------
Running Heuristic...
Edge 22 has its two ends in two different terminal sets.
--------------------------------------------------
Running Parallel Heuristic...
Edge 22 has its two ends in two different terminal sets.
--------------------------------------------------
Running Approximation
Edge 22 has its two ends in two different terminal sets.
========================================================
Benchmarking Track2 instance instance067.gr
--------------------------------------------------
Running Heuristic...
Edge 216 has its two ends in two different terminal sets.
--------------------------------------------------
Running Parallel Heuristic...
Edge 216 has its two ends in two different terminal sets.
--------------------------------------------------
Running Approximation
Edge 216 has its two ends in two different terminal sets.
========================================================
Benchmarking Track2 instance instance068.gr
--------------------------------------------------
Running Heuristic...
Edge 4 has its two ends in two different terminal sets.
--------------------------------------------------
Running Parallel Heuristic...
Edge 4 has its two ends in two different terminal sets.
--------------------------------------------------
Running Approximation
Edge 4 has its two ends in two different terminal sets.
========================================================
Benchmarking Track2 instance instance069.gr
--------------------------------------------------
Running Heuristic...
Edge 2 has its two ends in two different terminal sets.
--------------------------------------------------
Running Parallel Heuristic...
Edge 2 has its two ends in two different terminal sets.
--------------------------------------------------
Running Approximation
Edge 2 has its two ends in two different terminal sets.
========================================================
Benchmarking Track2 instance instance070.gr
--------------------------------------------------
Running Heuristic...
Cut is valid: all terminal pairs are separated.
--------------------------------------------------
Running Parallel Heuristic...
Cut is valid: all terminal pairs are separated.
--------------------------------------------------
Running Approximation
Cut is valid: all terminal pairs are separated.
--------------------------------------------------
Running Exact...
Cut is valid: all terminal pairs are separated.
========================================================
Writing CSV to: "/home/bellary/algo_eng/Exam1/build/../output_data/track2_results.csv"
Benchmarking Track2 instance instance071.gr
--------------------------------------------------
Running Heuristic...
Edge 38 has its two ends in two different terminal sets.
--------------------------------------------------
Running Parallel Heuristic...
Edge 38 has its two ends in two different terminal sets.
--------------------------------------------------
Running Approximation
Edge 38 has its two ends in two different terminal sets.
========================================================
Benchmarking Track2 instance instance072.gr
--------------------------------------------------
Running Heuristic...
Cut is valid: all terminal pairs are separated.
--------------------------------------------------
Running Parallel Heuristic...
Cut is valid: all terminal pairs are separated.
--------------------------------------------------
Running Approximation
Cut is valid: all terminal pairs are separated.
--------------------------------------------------
Running Exact...
Cut is valid: all terminal pairs are separated.
========================================================
Benchmarking Track2 instance instance073.gr
--------------------------------------------------
Running Heuristic...
Cut is valid: all terminal pairs are separated.
--------------------------------------------------
Running Parallel Heuristic...
Cut is valid: all terminal pairs are separated.
--------------------------------------------------
Running Approximation
Cut is valid: all terminal pairs are separated.
--------------------------------------------------
Running Exact...
Cut is valid: all terminal pairs are separated.
========================================================
Benchmarking Track2 instance instance074.gr
--------------------------------------------------
Running Heuristic...
Cut is valid: all terminal pairs are separated.
--------------------------------------------------
Running Parallel Heuristic...
Cut is valid: all terminal pairs are separated.
--------------------------------------------------
Running Approximation
Failed to compute LP solution within time limit.
--------------------------------------------------
Running Exact...
Cut is valid: all terminal pairs are separated.
========================================================
Benchmarking Track2 instance instance075.gr
--------------------------------------------------
Running Heuristic...
Cut is valid: all terminal pairs are separated.
--------------------------------------------------
Running Parallel Heuristic...
Cut is valid: all terminal pairs are separated.
--------------------------------------------------
Running Approximation
Failed to compute LP solution within time limit.
--------------------------------------------------
Running Exact...
Cut is valid: all terminal pairs are separated.
========================================================
Benchmarking Track2 instance instance076.gr
--------------------------------------------------
Running Heuristic...
Cut is valid: all terminal pairs are separated.
--------------------------------------------------
Running Parallel Heuristic...
Cut is valid: all terminal pairs are separated.
--------------------------------------------------
Running Approximation
Failed to compute LP solution within time limit.
--------------------------------------------------
Running Exact...
Cut is valid: all terminal pairs are separated.
========================================================
Benchmarking Track2 instance instance077.gr
--------------------------------------------------
Running Heuristic...
Edge 18 has its two ends in two different terminal sets.
--------------------------------------------------
Running Parallel Heuristic...
Edge 18 has its two ends in two different terminal sets.
--------------------------------------------------
Running Approximation
Edge 18 has its two ends in two different terminal sets.
========================================================
Benchmarking Track2 instance instance078.gr
--------------------------------------------------
Running Heuristic...
Cut is valid: all terminal pairs are separated.
--------------------------------------------------
Running Parallel Heuristic...
Cut is valid: all terminal pairs are separated.
--------------------------------------------------
Running Approximation
Failed to compute LP solution within time limit.
--------------------------------------------------
Running Exact...
Cut is valid: all terminal pairs are separated.
========================================================
Benchmarking Track2 instance instance080.gr
--------------------------------------------------
Running Heuristic...
Cut is valid: all terminal pairs are separated.
--------------------------------------------------
Running Parallel Heuristic...
Cut is valid: all terminal pairs are separated.
--------------------------------------------------
Running Approximation
Cut is valid: all terminal pairs are separated.
--------------------------------------------------
Running Exact...
Cut is valid: all terminal pairs are separated.
========================================================
Benchmarking Track2 instance instance081.gr
--------------------------------------------------
Running Heuristic...
Edge 64 has its two ends in two different terminal sets.
--------------------------------------------------
Running Parallel Heuristic...
Edge 64 has its two ends in two different terminal sets.
--------------------------------------------------
Running Approximation
Edge 64 has its two ends in two different terminal sets.
========================================================
Writing CSV to: "/home/bellary/algo_eng/Exam1/build/../output_data/track2_results.csv"
Benchmarking Track2 instance instance082.gr
--------------------------------------------------
Running Heuristic...
Cut is valid: all terminal pairs are separated.
--------------------------------------------------
Running Parallel Heuristic...
Cut is valid: all terminal pairs are separated.
--------------------------------------------------
Running Approximation
Cut is valid: all terminal pairs are separated.
--------------------------------------------------
Running Exact...
Cut is valid: all terminal pairs are separated.
========================================================
Benchmarking Track2 instance instance083.gr
--------------------------------------------------
Running Heuristic...
Cut is valid: all terminal pairs are separated.
--------------------------------------------------
Running Parallel Heuristic...
Cut is valid: all terminal pairs are separated.
--------------------------------------------------
Running Approximation
Cut is valid: all terminal pairs are separated.
--------------------------------------------------
Running Exact...
Cut is valid: all terminal pairs are separated.
========================================================
Benchmarking Track2 instance instance084.gr
--------------------------------------------------
Running Heuristic...
Cut is valid: all terminal pairs are separated.
--------------------------------------------------
Running Parallel Heuristic...
Cut is valid: all terminal pairs are separated.
--------------------------------------------------
Running Approximation
Failed to compute LP solution within time limit.
--------------------------------------------------
Running Exact...
Cut is valid: all terminal pairs are separated.
========================================================
Benchmarking Track2 instance instance085.gr
--------------------------------------------------
Running Heuristic...
Edge 16 has its two ends in two different terminal sets.
--------------------------------------------------
Running Parallel Heuristic...
Edge 16 has its two ends in two different terminal sets.
--------------------------------------------------
Running Approximation
Edge 16 has its two ends in two different terminal sets.
========================================================
Benchmarking Track2 instance instance086.gr
--------------------------------------------------
Running Heuristic...
Edge 4 has its two ends in two different terminal sets.
--------------------------------------------------
Running Parallel Heuristic...
Edge 4 has its two ends in two different terminal sets.
--------------------------------------------------
Running Approximation
Edge 4 has its two ends in two different terminal sets.
========================================================
Benchmarking Track2 instance instance087.gr
--------------------------------------------------
Running Heuristic...
Edge 8 has its two ends in two different terminal sets.
--------------------------------------------------
Running Parallel Heuristic...
Edge 8 has its two ends in two different terminal sets.
--------------------------------------------------
Running Approximation
Edge 8 has its two ends in two different terminal sets.
========================================================
Benchmarking Track2 instance instance088.gr
--------------------------------------------------
Running Heuristic...
Edge 5538 has its two ends in two different terminal sets.
--------------------------------------------------
Running Parallel Heuristic...
Edge 5538 has its two ends in two different terminal sets.
--------------------------------------------------
Running Approximation
Edge 5538 has its two ends in two different terminal sets.
========================================================
Benchmarking Track2 instance instance089.gr
--------------------------------------------------
Running Heuristic...
Edge 12 has its two ends in two different terminal sets.
--------------------------------------------------
Running Parallel Heuristic...
Edge 12 has its two ends in two different terminal sets.
--------------------------------------------------
Running Approximation
Edge 12 has its two ends in two different terminal sets.
========================================================
Benchmarking Track2 instance instance090.gr
--------------------------------------------------
Running Heuristic...
Edge 24 has its two ends in two different terminal sets.
--------------------------------------------------
Running Parallel Heuristic...
Edge 24 has its two ends in two different terminal sets.
--------------------------------------------------
Running Approximation
Edge 24 has its two ends in two different terminal sets.
========================================================
Benchmarking Track2 instance instance091.gr
--------------------------------------------------
Running Heuristic...
Cut is valid: all terminal pairs are separated.
--------------------------------------------------
Running Parallel Heuristic...
Cut is valid: all terminal pairs are separated.
--------------------------------------------------
Running Approximation
Cut is valid: all terminal pairs are separated.
--------------------------------------------------
Running Exact...
Cut is valid: all terminal pairs are separated.
========================================================
Writing CSV to: "/home/bellary/algo_eng/Exam1/build/../output_data/track2_results.csv"
Benchmarking Track2 instance instance092.gr
--------------------------------------------------
Running Heuristic...
Edge 0 has its two ends in two different terminal sets.
--------------------------------------------------
Running Parallel Heuristic...
Edge 0 has its two ends in two different terminal sets.
--------------------------------------------------
Running Approximation
Edge 0 has its two ends in two different terminal sets.
========================================================
Benchmarking Track2 instance instance093.gr
--------------------------------------------------
Running Heuristic...
Edge 20 has its two ends in two different terminal sets.
--------------------------------------------------
Running Parallel Heuristic...
Edge 20 has its two ends in two different terminal sets.
--------------------------------------------------
Running Approximation
Edge 20 has its two ends in two different terminal sets.
========================================================
Benchmarking Track2 instance instance094.gr
--------------------------------------------------
Running Heuristic...
Edge 4 has its two ends in two different terminal sets.
--------------------------------------------------
Running Parallel Heuristic...
Edge 4 has its two ends in two different terminal sets.
--------------------------------------------------
Running Approximation
Edge 4 has its two ends in two different terminal sets.
========================================================
Benchmarking Track2 instance instance095.gr
--------------------------------------------------
Running Heuristic...
Edge 8 has its two ends in two different terminal sets.
--------------------------------------------------
Running Parallel Heuristic...
Edge 8 has its two ends in two different terminal sets.
--------------------------------------------------
Running Approximation
Edge 8 has its two ends in two different terminal sets.
========================================================
Benchmarking Track2 instance instance096.gr
--------------------------------------------------
Running Heuristic...
Edge 2 has its two ends in two different terminal sets.
--------------------------------------------------
Running Parallel Heuristic...
Edge 2 has its two ends in two different terminal sets.
--------------------------------------------------
Running Approximation
Edge 2 has its two ends in two different terminal sets.
========================================================
Benchmarking Track2 instance instance097.gr
--------------------------------------------------
Running Heuristic...
Edge 24 has its two ends in two different terminal sets.
--------------------------------------------------
Running Parallel Heuristic...
Edge 24 has its two ends in two different terminal sets.
--------------------------------------------------
Running Approximation
Edge 24 has its two ends in two different terminal sets.
========================================================
Benchmarking Track2 instance instance098.gr
--------------------------------------------------
Running Heuristic...
Cut is valid: all terminal pairs are separated.
--------------------------------------------------
Running Parallel Heuristic...
Cut is valid: all terminal pairs are separated.
--------------------------------------------------
Running Approximation
Failed to compute LP solution within time limit.
--------------------------------------------------
Running Exact...
Cut is valid: all terminal pairs are separated.
========================================================
Benchmarking Track2 instance instance099.gr
--------------------------------------------------
Running Heuristic...
Edge 8 has its two ends in two different terminal sets.
--------------------------------------------------
Running Parallel Heuristic...
Edge 8 has its two ends in two different terminal sets.
--------------------------------------------------
Running Approximation
Edge 8 has its two ends in two different terminal sets.
========================================================
Benchmarking Track2 instance instance100.gr
--------------------------------------------------
Running Heuristic...
Edge 66 has its two ends in two different terminal sets.
--------------------------------------------------
Running Parallel Heuristic...
Edge 66 has its two ends in two different terminal sets.
--------------------------------------------------
Running Approximation
Edge 66 has its two ends in two different terminal sets.
========================================================
Benchmarking Track2 instance instance101.gr
--------------------------------------------------
Running Heuristic...
Edge 32 has its two ends in two different terminal sets.
--------------------------------------------------
Running Parallel Heuristic...
Edge 32 has its two ends in two different terminal sets.
--------------------------------------------------
Running Approximation
Edge 32 has its two ends in two different terminal sets.
========================================================
Writing CSV to: "/home/bellary/algo_eng/Exam1/build/../output_data/track2_results.csv"
Benchmarking Track2 instance instance102.gr
--------------------------------------------------
Running Heuristic...
Cut is valid: all terminal pairs are separated.
--------------------------------------------------
Running Parallel Heuristic...
Cut is valid: all terminal pairs are separated.
--------------------------------------------------
Running Approximation
Failed to compute LP solution within time limit.
--------------------------------------------------
Running Exact...
Cut is valid: all terminal pairs are separated.
========================================================
Benchmarking Track2 instance instance103.gr
--------------------------------------------------
Running Heuristic...
Edge 12 has its two ends in two different terminal sets.
--------------------------------------------------
Running Parallel Heuristic...
Edge 12 has its two ends in two different terminal sets.
--------------------------------------------------
Running Approximation
Edge 12 has its two ends in two different terminal sets.
========================================================
Benchmarking Track2 instance instance104.gr
--------------------------------------------------
Running Heuristic...
Edge 2 has its two ends in two different terminal sets.
--------------------------------------------------
Running Parallel Heuristic...
Edge 2 has its two ends in two different terminal sets.
--------------------------------------------------
Running Approximation
Edge 2 has its two ends in two different terminal sets.
========================================================
Benchmarking Track2 instance instance105.gr
--------------------------------------------------
Running Heuristic...
Edge 0 has its two ends in two different terminal sets.
--------------------------------------------------
Running Parallel Heuristic...
Edge 0 has its two ends in two different terminal sets.
--------------------------------------------------
Running Approximation
Edge 0 has its two ends in two different terminal sets.
========================================================
Benchmarking Track2 instance instance106.gr
--------------------------------------------------
Running Heuristic...
Edge 20 has its two ends in two different terminal sets.
--------------------------------------------------
Running Parallel Heuristic...
Edge 20 has its two ends in two different terminal sets.
--------------------------------------------------
Running Approximation
Edge 20 has its two ends in two different terminal sets.
========================================================
Benchmarking Track2 instance instance107.gr
--------------------------------------------------
Running Heuristic...
Edge 0 has its two ends in two different terminal sets.
--------------------------------------------------
Running Parallel Heuristic...
Edge 0 has its two ends in two different terminal sets.
--------------------------------------------------
Running Approximation
Edge 0 has its two ends in two different terminal sets.
========================================================
Benchmarking Track2 instance instance108.gr
--------------------------------------------------
Running Heuristic...
Edge 0 has its two ends in two different terminal sets.
--------------------------------------------------
Running Parallel Heuristic...
Edge 0 has its two ends in two different terminal sets.
--------------------------------------------------
Running Approximation
Edge 0 has its two ends in two different terminal sets.
========================================================
Benchmarking Track2 instance instance109.gr
--------------------------------------------------
Running Heuristic...
Cut is valid: all terminal pairs are separated.
--------------------------------------------------
Running Parallel Heuristic...
Cut is valid: all terminal pairs are separated.
--------------------------------------------------
Running Approximation
Cut is valid: all terminal pairs are separated.
--------------------------------------------------
Running Exact...
Cut is valid: all terminal pairs are separated.
========================================================
Benchmarking Track2 instance instance110.gr
--------------------------------------------------
Running Heuristic...
Edge 2 has its two ends in two different terminal sets.
--------------------------------------------------
Running Parallel Heuristic...
Edge 2 has its two ends in two different terminal sets.
--------------------------------------------------
Running Approximation
Edge 2 has its two ends in two different terminal sets.
========================================================
Benchmarking Track2 instance instance111.gr
--------------------------------------------------
Running Heuristic...
Edge 12 has its two ends in two different terminal sets.
--------------------------------------------------
Running Parallel Heuristic...
Edge 12 has its two ends in two different terminal sets.
--------------------------------------------------
Running Approximation
Edge 12 has its two ends in two different terminal sets.
========================================================
Writing CSV to: "/home/bellary/algo_eng/Exam1/build/../output_data/track2_results.csv"
Benchmarking Track2 instance instance112.gr
--------------------------------------------------
Running Heuristic...
Edge 0 has its two ends in two different terminal sets.
--------------------------------------------------
Running Parallel Heuristic...
Edge 0 has its two ends in two different terminal sets.
--------------------------------------------------
Running Approximation
Edge 0 has its two ends in two different terminal sets.
========================================================
Benchmarking Track2 instance instance113.gr
--------------------------------------------------
Running Heuristic...
Edge 34 has its two ends in two different terminal sets.
--------------------------------------------------
Running Parallel Heuristic...
Edge 34 has its two ends in two different terminal sets.
--------------------------------------------------
Running Approximation
Edge 34 has its two ends in two different terminal sets.
========================================================
Benchmarking Track2 instance instance114.gr
--------------------------------------------------
Running Heuristic...
Edge 32 has its two ends in two different terminal sets.
--------------------------------------------------
Running Parallel Heuristic...
Edge 32 has its two ends in two different terminal sets.
--------------------------------------------------
Running Approximation
Edge 32 has its two ends in two different terminal sets.
========================================================
Benchmarking Track2 instance instance115.gr
--------------------------------------------------
Running Heuristic...
Cut is valid: all terminal pairs are separated.
--------------------------------------------------
Running Parallel Heuristic...
Cut is valid: all terminal pairs are separated.
--------------------------------------------------
Running Approximation
Cut is valid: all terminal pairs are separated.
--------------------------------------------------
Running Exact...
Cut is valid: all terminal pairs are separated.
========================================================
Benchmarking Track2 instance instance116.gr
--------------------------------------------------
Running Heuristic...
Cut is valid: all terminal pairs are separated.
--------------------------------------------------
Running Parallel Heuristic...
Cut is valid: all terminal pairs are separated.
--------------------------------------------------
Running Approximation
Cut is valid: all terminal pairs are separated.
--------------------------------------------------
Running Exact...
Cut is valid: all terminal pairs are separated.
========================================================
Benchmarking Track2 instance instance117.gr
--------------------------------------------------
Running Heuristic...
Cut is valid: all terminal pairs are separated.
--------------------------------------------------
Running Parallel Heuristic...
Cut is valid: all terminal pairs are separated.
--------------------------------------------------
Running Approximation
Cut is valid: all terminal pairs are separated.
--------------------------------------------------
Running Exact...
Cut is valid: all terminal pairs are separated.
========================================================
Benchmarking Track2 instance instance118.gr
--------------------------------------------------
Running Heuristic...
Edge 0 has its two ends in two different terminal sets.
--------------------------------------------------
Running Parallel Heuristic...
Edge 0 has its two ends in two different terminal sets.
--------------------------------------------------
Running Approximation
Edge 0 has its two ends in two different terminal sets.
========================================================
Benchmarking Track2 instance instance119.gr
--------------------------------------------------
Running Heuristic...
Edge 0 has its two ends in two different terminal sets.
--------------------------------------------------
Running Parallel Heuristic...
Edge 0 has its two ends in two different terminal sets.
--------------------------------------------------
Running Approximation
Edge 0 has its two ends in two different terminal sets.
========================================================
Benchmarking Track2 instance instance120.gr
--------------------------------------------------
Running Heuristic...
Cut is valid: all terminal pairs are separated.
--------------------------------------------------
Running Parallel Heuristic...
Cut is valid: all terminal pairs are separated.
--------------------------------------------------
Running Approximation
Failed to compute LP solution within time limit.
--------------------------------------------------
Running Exact...
Cut is valid: all terminal pairs are separated.
========================================================
Benchmarking Track2 instance instance121.gr
--------------------------------------------------
Running Heuristic...
Cut is valid: all terminal pairs are separated.
--------------------------------------------------
Running Parallel Heuristic...
Cut is valid: all terminal pairs are separated.
--------------------------------------------------
Running Approximation
Failed to compute LP solution within time limit.
--------------------------------------------------
Running Exact...
Cut is valid: all terminal pairs are separated.
========================================================
Writing CSV to: "/home/bellary/algo_eng/Exam1/build/../output_data/track2_results.csv"
Benchmarking Track2 instance instance122.gr
--------------------------------------------------
Running Heuristic...
Edge 22 has its two ends in two different terminal sets.
--------------------------------------------------
Running Parallel Heuristic...
Edge 22 has its two ends in two different terminal sets.
--------------------------------------------------
Running Approximation
Edge 22 has its two ends in two different terminal sets.
========================================================
Benchmarking Track2 instance instance123.gr
--------------------------------------------------
Running Heuristic...
Edge 0 has its two ends in two different terminal sets.
--------------------------------------------------
Running Parallel Heuristic...
Edge 0 has its two ends in two different terminal sets.
--------------------------------------------------
Running Approximation
Edge 0 has its two ends in two different terminal sets.
========================================================
Benchmarking Track2 instance instance124.gr
--------------------------------------------------
Running Heuristic...
Edge 312 has its two ends in two different terminal sets.
--------------------------------------------------
Running Parallel Heuristic...
Edge 312 has its two ends in two different terminal sets.
--------------------------------------------------
Running Approximation
Edge 312 has its two ends in two different terminal sets.
========================================================
Benchmarking Track2 instance instance125.gr
--------------------------------------------------
Running Heuristic...
Edge 0 has its two ends in two different terminal sets.
--------------------------------------------------
Running Parallel Heuristic...
Edge 0 has its two ends in two different terminal sets.
--------------------------------------------------
Running Approximation
Edge 0 has its two ends in two different terminal sets.
========================================================
Benchmarking Track2 instance instance126.gr
--------------------------------------------------
Running Heuristic...
Edge 0 has its two ends in two different terminal sets.
--------------------------------------------------
Running Parallel Heuristic...
Edge 0 has its two ends in two different terminal sets.
--------------------------------------------------
Running Approximation
Edge 0 has its two ends in two different terminal sets.
========================================================
Benchmarking Track2 instance instance127.gr
--------------------------------------------------
Running Heuristic...
Cut is valid: all terminal pairs are separated.
--------------------------------------------------
Running Parallel Heuristic...
Cut is valid: all terminal pairs are separated.
--------------------------------------------------
Running Approximation
Cut is valid: all terminal pairs are separated.
--------------------------------------------------
Running Exact...
Cut is valid: all terminal pairs are separated.
========================================================
Benchmarking Track2 instance instance128.gr
--------------------------------------------------
Running Heuristic...
Cut is valid: all terminal pairs are separated.
--------------------------------------------------
Running Parallel Heuristic...
Cut is valid: all terminal pairs are separated.
--------------------------------------------------
Running Approximation
Cut is valid: all terminal pairs are separated.
--------------------------------------------------
Running Exact...
Cut is valid: all terminal pairs are separated.
========================================================
Benchmarking Track2 instance instance129.gr
--------------------------------------------------
Running Heuristic...
Cut is valid: all terminal pairs are separated.
--------------------------------------------------
Running Parallel Heuristic...
Cut is valid: all terminal pairs are separated.
--------------------------------------------------
Running Approximation
Cut is valid: all terminal pairs are separated.
--------------------------------------------------
Running Exact...
Cut is valid: all terminal pairs are separated.
========================================================
Benchmarking Track2 instance instance130.gr
--------------------------------------------------
Running Heuristic...
Cut is valid: all terminal pairs are separated.
--------------------------------------------------
Running Parallel Heuristic...
Cut is valid: all terminal pairs are separated.
--------------------------------------------------
Running Approximation
Cut is valid: all terminal pairs are separated.
--------------------------------------------------
Running Exact...
Cut is valid: all terminal pairs are separated.
========================================================
Benchmarking Track2 instance instance131.gr
--------------------------------------------------
Running Heuristic...
Cut is valid: all terminal pairs are separated.
--------------------------------------------------
Running Parallel Heuristic...
Cut is valid: all terminal pairs are separated.
--------------------------------------------------
Running Approximation
Cut is valid: all terminal pairs are separated.
--------------------------------------------------
Running Exact...
Cut is valid: all terminal pairs are separated.
========================================================
Writing CSV to: "/home/bellary/algo_eng/Exam1/build/../output_data/track2_results.csv"
Benchmarking Track2 instance instance132.gr
--------------------------------------------------
Running Heuristic...
Cut is valid: all terminal pairs are separated.
--------------------------------------------------
Running Parallel Heuristic...
Cut is valid: all terminal pairs are separated.
--------------------------------------------------
Running Approximation
Failed to compute LP solution within time limit.
--------------------------------------------------
Running Exact...
Cut is valid: all terminal pairs are separated.
========================================================
Benchmarking Track2 instance instance133.gr
--------------------------------------------------
Running Heuristic...
Cut is valid: all terminal pairs are separated.
--------------------------------------------------
Running Parallel Heuristic...
Cut is valid: all terminal pairs are separated.
--------------------------------------------------
Running Approximation
Failed to compute LP solution within time limit.
--------------------------------------------------
Running Exact...
Cut is valid: all terminal pairs are separated.
========================================================
Benchmarking Track2 instance instance134.gr
--------------------------------------------------
Running Heuristic...
Edge 6 has its two ends in two different terminal sets.
--------------------------------------------------
Running Parallel Heuristic...
Edge 6 has its two ends in two different terminal sets.
--------------------------------------------------
Running Approximation
Edge 6 has its two ends in two different terminal sets.
========================================================
Benchmarking Track2 instance instance135.gr
--------------------------------------------------
Running Heuristic...
Edge 12 has its two ends in two different terminal sets.
--------------------------------------------------
Running Parallel Heuristic...
Edge 12 has its two ends in two different terminal sets.
--------------------------------------------------
Running Approximation
Edge 12 has its two ends in two different terminal sets.
========================================================
Benchmarking Track2 instance instance136.gr
--------------------------------------------------
Running Heuristic...
Edge 44 has its two ends in two different terminal sets.
--------------------------------------------------
Running Parallel Heuristic...
Edge 44 has its two ends in two different terminal sets.
--------------------------------------------------
Running Approximation
Edge 44 has its two ends in two different terminal sets.
========================================================
Benchmarking Track2 instance instance137.gr
--------------------------------------------------
Running Heuristic...
Edge 20 has its two ends in two different terminal sets.
--------------------------------------------------
Running Parallel Heuristic...
Edge 20 has its two ends in two different terminal sets.
--------------------------------------------------
Running Approximation
Edge 20 has its two ends in two different terminal sets.
========================================================
Benchmarking Track2 instance instance138.gr
--------------------------------------------------
Running Heuristic...
Edge 26 has its two ends in two different terminal sets.
--------------------------------------------------
Running Parallel Heuristic...
Edge 26 has its two ends in two different terminal sets.
--------------------------------------------------
Running Approximation
Edge 26 has its two ends in two different terminal sets.
========================================================
Benchmarking Track2 instance instance139.gr
--------------------------------------------------
Running Heuristic...
Edge 10 has its two ends in two different terminal sets.
--------------------------------------------------
Running Parallel Heuristic...
Edge 10 has its two ends in two different terminal sets.
--------------------------------------------------
Running Approximation
Edge 10 has its two ends in two different terminal sets.
========================================================
Benchmarking Track2 instance instance140.gr
--------------------------------------------------
Running Heuristic...
Edge 90 has its two ends in two different terminal sets.
--------------------------------------------------
Running Parallel Heuristic...
Edge 90 has its two ends in two different terminal sets.
--------------------------------------------------
Running Approximation
Edge 90 has its two ends in two different terminal sets.
========================================================
Benchmarking Track2 instance instance141.gr
--------------------------------------------------
Running Heuristic...
Cut is valid: all terminal pairs are separated.
--------------------------------------------------
Running Parallel Heuristic...
Cut is valid: all terminal pairs are separated.
--------------------------------------------------
Running Approximation
Cut is valid: all terminal pairs are separated.
--------------------------------------------------
Running Exact...
Cut is valid: all terminal pairs are separated.
========================================================
Writing CSV to: "/home/bellary/algo_eng/Exam1/build/../output_data/track2_results.csv"
Benchmarking Track2 instance instance142.gr
--------------------------------------------------
Running Heuristic...
Cut is valid: all terminal pairs are separated.
--------------------------------------------------
Running Parallel Heuristic...
Cut is valid: all terminal pairs are separated.
--------------------------------------------------
Running Approximation
Cut is valid: all terminal pairs are separated.
--------------------------------------------------
Running Exact...
Cut is valid: all terminal pairs are separated.
========================================================
Benchmarking Track2 instance instance143.gr
--------------------------------------------------
Running Heuristic...
Cut is valid: all terminal pairs are separated.
--------------------------------------------------
Running Parallel Heuristic...
Cut is valid: all terminal pairs are separated.
--------------------------------------------------
Running Approximation
Failed to compute LP solution within time limit.
--------------------------------------------------
Running Exact...
Cut is valid: all terminal pairs are separated.
========================================================
Benchmarking Track2 instance instance144.gr
--------------------------------------------------
Running Heuristic...
Cut is valid: all terminal pairs are separated.
--------------------------------------------------
Running Parallel Heuristic...
Cut is valid: all terminal pairs are separated.
--------------------------------------------------
Running Approximation
Cut is valid: all terminal pairs are separated.
--------------------------------------------------
Running Exact...
Cut is valid: all terminal pairs are separated.
========================================================
Benchmarking Track2 instance instance145.gr
--------------------------------------------------
Running Heuristic...
Cut is valid: all terminal pairs are separated.
--------------------------------------------------
Running Parallel Heuristic...
Cut is valid: all terminal pairs are separated.
--------------------------------------------------
Running Approximation
Cut is valid: all terminal pairs are separated.
--------------------------------------------------
Running Exact...
Cut is valid: all terminal pairs are separated.
========================================================
Benchmarking Track2 instance instance146.gr
--------------------------------------------------
Running Heuristic...
Cut is valid: all terminal pairs are separated.
--------------------------------------------------
Running Parallel Heuristic...
Cut is valid: all terminal pairs are separated.
--------------------------------------------------
Running Approximation
Failed to compute LP solution within time limit.
--------------------------------------------------
Running Exact...
Cut is valid: all terminal pairs are separated.
========================================================
Benchmarking Track2 instance instance147.gr
--------------------------------------------------
Running Heuristic...
Cut is valid: all terminal pairs are separated.
--------------------------------------------------
Running Parallel Heuristic...
Cut is valid: all terminal pairs are separated.
--------------------------------------------------
Running Approximation
Failed to compute LP solution within time limit.
--------------------------------------------------
Running Exact...
Cut is valid: all terminal pairs are separated.
========================================================
Benchmarking Track2 instance instance148.gr
--------------------------------------------------
Running Heuristic...
Cut is valid: all terminal pairs are separated.
--------------------------------------------------
Running Parallel Heuristic...
Cut is valid: all terminal pairs are separated.
--------------------------------------------------
Running Approximation
Failed to compute LP solution within time limit.
--------------------------------------------------
Running Exact...
Cut is valid: all terminal pairs are separated.
========================================================
Benchmarking Track2 instance instance149.gr
--------------------------------------------------
Running Heuristic...
Cut is valid: all terminal pairs are separated.
--------------------------------------------------
Running Parallel Heuristic...
Cut is valid: all terminal pairs are separated.
--------------------------------------------------
Running Approximation
Failed to compute LP solution within time limit.
--------------------------------------------------
Running Exact...
Cut is valid: all terminal pairs are separated.
========================================================
Benchmarking Track2 instance instance150.gr
--------------------------------------------------
Running Heuristic...
Cut is valid: all terminal pairs are separated.
--------------------------------------------------
Running Parallel Heuristic...
Cut is valid: all terminal pairs are separated.
--------------------------------------------------
Running Approximation
Failed to compute LP solution within time limit.
--------------------------------------------------
Running Exact...
Cut is valid: all terminal pairs are separated.
========================================================
Benchmarking Track2 instance instance151.gr
--------------------------------------------------
Running Heuristic...
Cut is valid: all terminal pairs are separated.
--------------------------------------------------
Running Parallel Heuristic...
Cut is valid: all terminal pairs are separated.
--------------------------------------------------
Running Approximation
Cut is valid: all terminal pairs are separated.
--------------------------------------------------
Running Exact...
Cut is valid: all terminal pairs are separated.
========================================================
Writing CSV to: "/home/bellary/algo_eng/Exam1/build/../output_data/track2_results.csv"
Benchmarking Track2 instance instance152.gr
--------------------------------------------------
Running Heuristic...
Cut is valid: all terminal pairs are separated.
--------------------------------------------------
Running Parallel Heuristic...
Cut is valid: all terminal pairs are separated.
--------------------------------------------------
Running Approximation
Cut is valid: all terminal pairs are separated.
--------------------------------------------------
Running Exact...
Cut is valid: all terminal pairs are separated.
========================================================
Benchmarking Track2 instance instance153.gr
--------------------------------------------------
Running Heuristic...
Cut is valid: all terminal pairs are separated.
--------------------------------------------------
Running Parallel Heuristic...
Cut is valid: all terminal pairs are separated.
--------------------------------------------------
Running Approximation
Failed to compute LP solution within time limit.
--------------------------------------------------
Running Exact...
Cut is valid: all terminal pairs are separated.
========================================================
Benchmarking Track2 instance instance154.gr
--------------------------------------------------
Running Heuristic...
Cut is valid: all terminal pairs are separated.
--------------------------------------------------
Running Parallel Heuristic...
Cut is valid: all terminal pairs are separated.
--------------------------------------------------
Running Approximation
Failed to compute LP solution within time limit.
--------------------------------------------------
Running Exact...
Cut is valid: all terminal pairs are separated.
========================================================
Benchmarking Track2 instance instance155.gr
--------------------------------------------------
Running Heuristic...
Cut is valid: all terminal pairs are separated.
--------------------------------------------------
Running Parallel Heuristic...
Cut is valid: all terminal pairs are separated.
--------------------------------------------------
Running Approximation
Failed to compute LP solution within time limit.
--------------------------------------------------
Running Exact...
Cut is valid: all terminal pairs are separated.
========================================================
Benchmarking Track2 instance instance156.gr
--------------------------------------------------
Running Heuristic...
Cut is valid: all terminal pairs are separated.
--------------------------------------------------
Running Parallel Heuristic...
Cut is valid: all terminal pairs are separated.
--------------------------------------------------
Running Approximation
Failed to compute LP solution within time limit.
--------------------------------------------------
Running Exact...
Cut is valid: all terminal pairs are separated.
========================================================
Benchmarking Track2 instance instance157.gr
--------------------------------------------------
Running Heuristic...
Cut is valid: all terminal pairs are separated.
--------------------------------------------------
Running Parallel Heuristic...
Cut is valid: all terminal pairs are separated.
--------------------------------------------------
Running Approximation
Failed to compute LP solution within time limit.
--------------------------------------------------
Running Exact...
Cut is valid: all terminal pairs are separated.
========================================================
Benchmarking Track2 instance instance158.gr
--------------------------------------------------
Running Heuristic...
Edge 102 has its two ends in two different terminal sets.
--------------------------------------------------
Running Parallel Heuristic...
Edge 102 has its two ends in two different terminal sets.
--------------------------------------------------
Running Approximation
Edge 102 has its two ends in two different terminal sets.
========================================================
Benchmarking Track2 instance instance159.gr
--------------------------------------------------
Running Heuristic...
Edge 12 has its two ends in two different terminal sets.
--------------------------------------------------
Running Parallel Heuristic...
Edge 12 has its two ends in two different terminal sets.
--------------------------------------------------
Running Approximation
Edge 12 has its two ends in two different terminal sets.
========================================================
Benchmarking Track2 instance instance160.gr
--------------------------------------------------
Running Heuristic...
Edge 9658 has its two ends in two different terminal sets.
--------------------------------------------------
Running Parallel Heuristic...
Edge 9658 has its two ends in two different terminal sets.
--------------------------------------------------
Running Approximation
Edge 9658 has its two ends in two different terminal sets.
========================================================
Benchmarking Track2 instance instance161.gr
--------------------------------------------------
Running Heuristic...
Edge 12394 has its two ends in two different terminal sets.
--------------------------------------------------
Running Parallel Heuristic...
Edge 12394 has its two ends in two different terminal sets.
--------------------------------------------------
Running Approximation
Edge 12394 has its two ends in two different terminal sets.
========================================================
Writing CSV to: "/home/bellary/algo_eng/Exam1/build/../output_data/track2_results.csv"
Benchmarking Track2 instance instance162.gr
--------------------------------------------------
Running Heuristic...
Edge 12890 has its two ends in two different terminal sets.
--------------------------------------------------
Running Parallel Heuristic...
Edge 12890 has its two ends in two different terminal sets.
--------------------------------------------------
Running Approximation
Edge 12890 has its two ends in two different terminal sets.
========================================================
Benchmarking Track2 instance instance163.gr
--------------------------------------------------
Running Heuristic...
Cut is valid: all terminal pairs are separated.
--------------------------------------------------
Running Parallel Heuristic...
Cut is valid: all terminal pairs are separated.
--------------------------------------------------
Running Approximation
Cut is valid: all terminal pairs are separated.
--------------------------------------------------
Running Exact...
Cut is valid: all terminal pairs are separated.
========================================================
Benchmarking Track2 instance instance164.gr
--------------------------------------------------
Running Heuristic...
Cut is valid: all terminal pairs are separated.
--------------------------------------------------
Running Parallel Heuristic...
Cut is valid: all terminal pairs are separated.
--------------------------------------------------
Running Approximation
Cut is valid: all terminal pairs are separated.
--------------------------------------------------
Running Exact...
Cut is valid: all terminal pairs are separated.
========================================================
Benchmarking Track2 instance instance165.gr
--------------------------------------------------
Running Heuristic...
Cut is valid: all terminal pairs are separated.
--------------------------------------------------
Running Parallel Heuristic...
Cut is valid: all terminal pairs are separated.
--------------------------------------------------
Running Approximation
Cut is valid: all terminal pairs are separated.
--------------------------------------------------
Running Exact...
Cut is valid: all terminal pairs are separated.
========================================================
Benchmarking Track2 instance instance166.gr
--------------------------------------------------
Running Heuristic...
Cut is valid: all terminal pairs are separated.
--------------------------------------------------
Running Parallel Heuristic...
Cut is valid: all terminal pairs are separated.
--------------------------------------------------
Running Approximation
Cut is valid: all terminal pairs are separated.
--------------------------------------------------
Running Exact...
Cut is valid: all terminal pairs are separated.
========================================================
Benchmarking Track2 instance instance167.gr
--------------------------------------------------
Running Heuristic...
Cut is valid: all terminal pairs are separated.
--------------------------------------------------
Running Parallel Heuristic...
Cut is valid: all terminal pairs are separated.
--------------------------------------------------
Running Approximation
Cut is valid: all terminal pairs are separated.
--------------------------------------------------
Running Exact...
Cut is valid: all terminal pairs are separated.
========================================================
Benchmarking Track2 instance instance168.gr
--------------------------------------------------
Running Heuristic...
Cut is valid: all terminal pairs are separated.
--------------------------------------------------
Running Parallel Heuristic...
Cut is valid: all terminal pairs are separated.
--------------------------------------------------
Running Approximation
Failed to compute LP solution within time limit.
--------------------------------------------------
Running Exact...
Cut is valid: all terminal pairs are separated.
========================================================
Benchmarking Track2 instance instance169.gr
--------------------------------------------------
Running Heuristic...
Cut is valid: all terminal pairs are separated.
--------------------------------------------------
Running Parallel Heuristic...
Cut is valid: all terminal pairs are separated.
--------------------------------------------------
Running Approximation
Cut is valid: all terminal pairs are separated.
--------------------------------------------------
Running Exact...
Cut is valid: all terminal pairs are separated.
========================================================
Benchmarking Track2 instance instance170.gr
--------------------------------------------------
Running Heuristic...
Cut is valid: all terminal pairs are separated.
--------------------------------------------------
Running Parallel Heuristic...
Cut is valid: all terminal pairs are separated.
--------------------------------------------------
Running Approximation
Failed to compute LP solution within time limit.
--------------------------------------------------
Running Exact...
Cut is valid: all terminal pairs are separated.
========================================================
Benchmarking Track2 instance instance171.gr
--------------------------------------------------
Running Heuristic...
Cut is valid: all terminal pairs are separated.
--------------------------------------------------
Running Parallel Heuristic...
Cut is valid: all terminal pairs are separated.
--------------------------------------------------
Running Approximation
Failed to compute LP solution within time limit.
--------------------------------------------------
Running Exact...
Cut is valid: all terminal pairs are separated.
========================================================
Writing CSV to: "/home/bellary/algo_eng/Exam1/build/../output_data/track2_results.csv"
Benchmarking Track2 instance instance172.gr
--------------------------------------------------
Running Heuristic...
Cut is valid: all terminal pairs are separated.
--------------------------------------------------
Running Parallel Heuristic...
Cut is valid: all terminal pairs are separated.
--------------------------------------------------
Running Approximation
Failed to compute LP solution within time limit.
--------------------------------------------------
Running Exact...
Cut is valid: all terminal pairs are separated.
========================================================
Benchmarking Track2 instance instance173.gr
--------------------------------------------------
Running Heuristic...
Edge 3832 has its two ends in two different terminal sets.
--------------------------------------------------
Running Parallel Heuristic...
Edge 3832 has its two ends in two different terminal sets.
--------------------------------------------------
Running Approximation
Edge 3832 has its two ends in two different terminal sets.
========================================================
Benchmarking Track2 instance instance174.gr
--------------------------------------------------
Running Heuristic...
Cut is valid: all terminal pairs are separated.
--------------------------------------------------
Running Parallel Heuristic...
Cut is valid: all terminal pairs are separated.
--------------------------------------------------
Running Approximation
Failed to compute LP solution within time limit.
--------------------------------------------------
Running Exact...
Cut is valid: all terminal pairs are separated.
========================================================
Benchmarking Track2 instance instance175.gr
--------------------------------------------------
Running Heuristic...
Edge 2 has its two ends in two different terminal sets.
--------------------------------------------------
Running Parallel Heuristic...
Edge 2 has its two ends in two different terminal sets.
--------------------------------------------------
Running Approximation
Edge 2 has its two ends in two different terminal sets.
========================================================
Benchmarking Track2 instance instance176.gr
--------------------------------------------------
Running Heuristic...
Cut is valid: all terminal pairs are separated.
--------------------------------------------------
Running Parallel Heuristic...
Cut is valid: all terminal pairs are separated.
--------------------------------------------------
Running Approximation
Cut is valid: all terminal pairs are separated.
--------------------------------------------------
Running Exact...
Cut is valid: all terminal pairs are separated.
========================================================
Benchmarking Track2 instance instance177.gr
--------------------------------------------------
Running Heuristic...
Cut is valid: all terminal pairs are separated.
--------------------------------------------------
Running Parallel Heuristic...
Cut is valid: all terminal pairs are separated.
--------------------------------------------------
Running Approximation
Failed to compute LP solution within time limit.
--------------------------------------------------
Running Exact...
Cut is valid: all terminal pairs are separated.
========================================================
Benchmarking Track2 instance instance178.gr
--------------------------------------------------
Running Heuristic...
Edge 2 has its two ends in two different terminal sets.
--------------------------------------------------
Running Parallel Heuristic...
Edge 2 has its two ends in two different terminal sets.
--------------------------------------------------
Running Approximation
Edge 2 has its two ends in two different terminal sets.
========================================================
Benchmarking Track2 instance instance179.gr
--------------------------------------------------
Running Heuristic...
Edge 1376 has its two ends in two different terminal sets.
--------------------------------------------------
Running Parallel Heuristic...
Edge 1376 has its two ends in two different terminal sets.
--------------------------------------------------
Running Approximation
Edge 1376 has its two ends in two different terminal sets.
========================================================
Benchmarking Track2 instance instance180.gr
--------------------------------------------------
Running Heuristic...
Cut is valid: all terminal pairs are separated.
--------------------------------------------------
Running Parallel Heuristic...
Cut is valid: all terminal pairs are separated.
--------------------------------------------------
Running Approximation
Failed to compute LP solution within time limit.
--------------------------------------------------
Running Exact...
Cut is valid: all terminal pairs are separated.
========================================================
Benchmarking Track2 instance instance181.gr
--------------------------------------------------
Running Heuristic...
Cut is valid: all terminal pairs are separated.
--------------------------------------------------
Running Parallel Heuristic...
Cut is valid: all terminal pairs are separated.
--------------------------------------------------
Running Approximation
Failed to compute LP solution within time limit.
--------------------------------------------------
Running Exact...
Cut is valid: all terminal pairs are separated.
========================================================
Writing CSV to: "/home/bellary/algo_eng/Exam1/build/../output_data/track2_results.csv"
Benchmarking Track2 instance instance182.gr
--------------------------------------------------
Running Heuristic...
Cut is valid: all terminal pairs are separated.
--------------------------------------------------
Running Parallel Heuristic...
Cut is valid: all terminal pairs are separated.
--------------------------------------------------
Running Approximation
Failed to compute LP solution within time limit.
--------------------------------------------------
Running Exact...
Cut is valid: all terminal pairs are separated.
========================================================
Benchmarking Track2 instance instance183.gr
--------------------------------------------------
Running Heuristic...
Cut is valid: all terminal pairs are separated.
--------------------------------------------------
Running Parallel Heuristic...
Cut is valid: all terminal pairs are separated.
--------------------------------------------------
Running Approximation
Failed to compute LP solution within time limit.
--------------------------------------------------
Running Exact...
Cut is valid: all terminal pairs are separated.
========================================================
Benchmarking Track2 instance instance184.gr
--------------------------------------------------
Running Heuristic...
Edge 8076 has its two ends in two different terminal sets.
--------------------------------------------------
Running Parallel Heuristic...
Edge 8076 has its two ends in two different terminal sets.
--------------------------------------------------
Running Approximation
Edge 8076 has its two ends in two different terminal sets.
========================================================
Benchmarking Track2 instance instance185.gr
--------------------------------------------------
Running Heuristic...
Edge 22 has its two ends in two different terminal sets.
--------------------------------------------------
Running Parallel Heuristic...
Edge 22 has its two ends in two different terminal sets.
--------------------------------------------------
Running Approximation
Edge 22 has its two ends in two different terminal sets.
========================================================
Benchmarking Track2 instance instance186.gr
--------------------------------------------------
Running Heuristic...
Edge 298 has its two ends in two different terminal sets.
--------------------------------------------------
Running Parallel Heuristic...
Edge 298 has its two ends in two different terminal sets.
--------------------------------------------------
Running Approximation
Edge 298 has its two ends in two different terminal sets.
========================================================
Benchmarking Track2 instance instance187.gr
--------------------------------------------------
Running Heuristic...
Cut is valid: all terminal pairs are separated.
--------------------------------------------------
Running Parallel Heuristic...
Cut is valid: all terminal pairs are separated.
--------------------------------------------------
Running Approximation
Cut is valid: all terminal pairs are separated.
--------------------------------------------------
Running Exact...
Cut is valid: all terminal pairs are separated.
========================================================
Benchmarking Track2 instance instance188.gr
--------------------------------------------------
Running Heuristic...
Cut is valid: all terminal pairs are separated.
--------------------------------------------------
Running Parallel Heuristic...
Cut is valid: all terminal pairs are separated.
--------------------------------------------------
Running Approximation
Failed to compute LP solution within time limit.
--------------------------------------------------
Running Exact...
Cut is valid: all terminal pairs are separated.
========================================================
Benchmarking Track2 instance instance189.gr
--------------------------------------------------
Running Heuristic...
Cut is valid: all terminal pairs are separated.
--------------------------------------------------
Running Parallel Heuristic...
Cut is valid: all terminal pairs are separated.
--------------------------------------------------
Running Approximation
Cut is valid: all terminal pairs are separated.
--------------------------------------------------
Running Exact...
Cut is valid: all terminal pairs are separated.
========================================================
Benchmarking Track2 instance instance190.gr
--------------------------------------------------
Running Heuristic...
Cut is valid: all terminal pairs are separated.
--------------------------------------------------
Running Parallel Heuristic...
Cut is valid: all terminal pairs are separated.
--------------------------------------------------
Running Approximation
Failed to compute LP solution within time limit.
--------------------------------------------------
Running Exact...
Cut is valid: all terminal pairs are separated.
========================================================
Benchmarking Track2 instance instance191.gr
--------------------------------------------------
Running Heuristic...
Edge 8 has its two ends in two different terminal sets.
--------------------------------------------------
Running Parallel Heuristic...
Edge 8 has its two ends in two different terminal sets.
--------------------------------------------------
Running Approximation
Edge 8 has its two ends in two different terminal sets.
========================================================
Writing CSV to: "/home/bellary/algo_eng/Exam1/build/../output_data/track2_results.csv"
Benchmarking Track2 instance instance192.gr
--------------------------------------------------
Running Heuristic...
Cut is valid: all terminal pairs are separated.
--------------------------------------------------
Running Parallel Heuristic...
Cut is valid: all terminal pairs are separated.
--------------------------------------------------
Running Approximation
Failed to compute LP solution within time limit.
--------------------------------------------------
Running Exact...
Cut is valid: all terminal pairs are separated.
========================================================
Benchmarking Track2 instance instance193.gr
--------------------------------------------------
Running Heuristic...
Edge 906 has its two ends in two different terminal sets.
--------------------------------------------------
Running Parallel Heuristic...
Edge 906 has its two ends in two different terminal sets.
--------------------------------------------------
Running Approximation
Edge 906 has its two ends in two different terminal sets.
========================================================
Benchmarking Track2 instance instance194.gr
--------------------------------------------------
Running Heuristic...
Cut is valid: all terminal pairs are separated.
--------------------------------------------------
Running Parallel Heuristic...
Cut is valid: all terminal pairs are separated.
--------------------------------------------------
Running Approximation
Failed to compute LP solution within time limit.
--------------------------------------------------
Running Exact...
Cut is valid: all terminal pairs are separated.
========================================================
Benchmarking Track2 instance instance195.gr
--------------------------------------------------
Running Heuristic...
Cut is valid: all terminal pairs are separated.
--------------------------------------------------
Running Parallel Heuristic...
Cut is valid: all terminal pairs are separated.
--------------------------------------------------
Running Approximation
Failed to compute LP solution within time limit.
--------------------------------------------------
Running Exact...
Cut is valid: all terminal pairs are separated.
========================================================
Benchmarking Track2 instance instance196.gr
--------------------------------------------------
Running Heuristic...
Edge 1452 has its two ends in two different terminal sets.
--------------------------------------------------
Running Parallel Heuristic...
Edge 1452 has its two ends in two different terminal sets.
--------------------------------------------------
Running Approximation
Edge 1452 has its two ends in two different terminal sets.
========================================================
Benchmarking Track2 instance instance197.gr
--------------------------------------------------
Running Heuristic...
Edge 30350 has its two ends in two different terminal sets.
--------------------------------------------------
Running Parallel Heuristic...
Edge 30350 has its two ends in two different terminal sets.
--------------------------------------------------
Running Approximation
Edge 30350 has its two ends in two different terminal sets.
========================================================
Benchmarking Track2 instance instance198.gr
--------------------------------------------------
Running Heuristic...
Edge 8 has its two ends in two different terminal sets.
--------------------------------------------------
Running Parallel Heuristic...
Edge 8 has its two ends in two different terminal sets.
--------------------------------------------------
Running Approximation
Edge 8 has its two ends in two different terminal sets.
========================================================
Benchmarking Track2 instance instance199.gr
--------------------------------------------------
Running Heuristic...
Cut is valid: all terminal pairs are separated.
--------------------------------------------------
Running Parallel Heuristic...
Cut is valid: all terminal pairs are separated.
--------------------------------------------------
Running Approximation
Failed to compute LP solution within time limit.
--------------------------------------------------
Running Exact...
Cut is valid: all terminal pairs are separated.
========================================================
Benchmarking Track2 instance instance200.gr
--------------------------------------------------
Running Heuristic...
Cut is valid: all terminal pairs are separated.
--------------------------------------------------
Running Parallel Heuristic...
Cut is valid: all terminal pairs are separated.
--------------------------------------------------
Running Approximation
Failed to compute LP solution within time limit.
--------------------------------------------------
Running Exact...
Cut is valid: all terminal pairs are separated.
========================================================
Writing CSV to: "/home/bellary/algo_eng/Exam1/build/../output_data/track2_results.csv"
